"","ID","miRNA","Target"
"1","MIRT737975","hsa-miR-4301","AGPAT4"
"2","MIRT753786","hsa-miR-4301","ZNF436-AS1"
"4","MIRT481303","hsa-miR-4301","ATP5G3"
"5","MIRT350957","hsa-miR-4301","BACH1"
"6","MIRT719224","hsa-miR-4301","CAMK4"
"7","MIRT720326","hsa-miR-4301","CAMK2G"
"8","MIRT626464","hsa-miR-4301","CMKLR1"
"9","MIRT565623","hsa-miR-4301","SLC31A1"
"10","MIRT668816","hsa-miR-4301","CYLD"
"11","MIRT652587","hsa-miR-4301","TIMM8A"
"12","MIRT669067","hsa-miR-4301","CELSR3"
"13","MIRT658513","hsa-miR-4301","ETV3"
"14","MIRT526743","hsa-miR-4301","HLA-DOB"
"15","MIRT528505","hsa-miR-4301","HTR7"
"16","MIRT081134","hsa-miR-4301","LDLR"
"17","MIRT621232","hsa-miR-4301","LMAN1"
"18","MIRT229436","hsa-miR-4301","MECP2"
"19","MIRT626158","hsa-miR-4301","NFYA"
"20","MIRT644270","hsa-miR-4301","PAFAH1B1"
"21","MIRT555423","hsa-miR-4301","PPIC"
"22","MIRT707930","hsa-miR-4301","PPP1R3D"
"23","MIRT715297","hsa-miR-4301","MAPK1"
"24","MIRT654649","hsa-miR-4301","PTAFR"
"25","MIRT722484","hsa-miR-4301","QSOX1"
"26","MIRT687146","hsa-miR-4301","PTPN12"
"27","MIRT654591","hsa-miR-4301","PURA"
"28","MIRT528758","hsa-miR-4301","RPS27"
"29","MIRT565661","hsa-miR-4301","SIX1"
"30","MIRT721596","hsa-miR-4301","SREBF1"
"31","MIRT712175","hsa-miR-4301","STK4"
"32","MIRT496554","hsa-miR-4301","TBX15"
"33","MIRT722614","hsa-miR-4301","TEAD1"
"34","MIRT528038","hsa-miR-4301","WT1"
"35","MIRT623844","hsa-miR-4301","GAN"
"36","MIRT446022","hsa-miR-4301","PEX3"
"37","MIRT656842","hsa-miR-4301","KLF7"
"38","MIRT570138","hsa-miR-4301","IL1RL2"
"39","MIRT632087","hsa-miR-4301","ALDH1A2"
"40","MIRT528267","hsa-miR-4301","GPRIN2"
"41","MIRT512556","hsa-miR-4301","MFN2"
"42","MIRT719861","hsa-miR-4301","KLF2"
"43","MIRT512535","hsa-miR-4301","SEMA4D"
"44","MIRT722020","hsa-miR-4301","NEBL"
"45","MIRT650776","hsa-miR-4301","POP4"
"46","MIRT274717","hsa-miR-4301","CPSF6"
"47","MIRT657209","hsa-miR-4301","IKZF2"
"48","MIRT649193","hsa-miR-4301","DNPEP"
"49","MIRT521465","hsa-miR-4301","RABGAP1"
"50","MIRT090911","hsa-miR-4301","ARHGEF26"
"51","MIRT642710","hsa-miR-4301","FGFR1OP2"
"52","MIRT710031","hsa-miR-4301","POLL"
"53","MIRT527578","hsa-miR-4301","BRD7"
"54","MIRT529701","hsa-miR-4301","MRPL30"
"55","MIRT718082","hsa-miR-4301","CLIC5"
"56","MIRT659448","hsa-miR-4301","CNNM2"
"57","MIRT717378","hsa-miR-4301","RBM41"
"58","MIRT723939","hsa-miR-4301","SVOP"
"59","MIRT643611","hsa-miR-4301","KANSL3"
"60","MIRT528999","hsa-miR-4301","IPO9"
"61","MIRT719152","hsa-miR-4301","DPYSL5"
"62","MIRT698498","hsa-miR-4301","THOC2"
"63","MIRT535917","hsa-miR-4301","MKL2"
"64","MIRT386722","hsa-miR-4301","NUFIP2"
"65","MIRT535308","hsa-miR-4301","PHF12"
"66","MIRT498105","hsa-miR-4301","RMND5A"
"67","MIRT622272","hsa-miR-4301","SH3TC2"
"68","MIRT571045","hsa-miR-4301","YRDC"
"69","MIRT651345","hsa-miR-4301","ZC2HC1C"
"70","MIRT495667","hsa-miR-4301","TUBAL3"
"71","MIRT562068","hsa-miR-4301","KLHL15"
"72","MIRT719528","hsa-miR-4301","SRCIN1"
"73","MIRT677711","hsa-miR-4301","ELOF1"
"74","MIRT544892","hsa-miR-4301","OSBPL1A"
"75","MIRT483959","hsa-miR-4301","ZNF354B"
"76","MIRT723664","hsa-miR-4301","RPTN"
"77","MIRT716892","hsa-miR-4301","AGPAT6"
"78","MIRT526236","hsa-miR-4301","C2orf15"
"79","MIRT497702","hsa-miR-4301","ARL6IP6"
"80","MIRT645470","hsa-miR-4301","SPIN3"
"81","MIRT718721","hsa-miR-4301","ANKRD18A"
"82","MIRT637243","hsa-miR-4301","FAM26E"
"83","MIRT533797","hsa-miR-4301","TMEM119"
"84","MIRT708737","hsa-miR-4301","FAM71F2"
"85","MIRT529781","hsa-miR-4301","C17orf82"
"86","MIRT652237","hsa-miR-4301","TRAPPC3L"
"87","MIRT740025","hsa-miR-654-5p","NHEDC2"
"88","MIRT740073","hsa-miR-654-5p","BAIAP2L1"
"89","MIRT740492","hsa-miR-654-5p","LL22NC03-63E9.3"
"91","MIRT462180","hsa-miR-654-5p","ACADL"
"92","MIRT541493","hsa-miR-654-5p","ADM"
"93","MIRT484746","hsa-miR-654-5p","ABCC6"
"94","MIRT735035","hsa-miR-654-5p","BMP2"
"95","MIRT704893","hsa-miR-654-5p","CCNB1"
"96","MIRT658600","hsa-miR-654-5p","ENTPD5"
"97","MIRT459096","hsa-miR-654-5p","CYP4A11"
"98","MIRT477644","hsa-miR-654-5p","EFNA1"
"99","MIRT379657","hsa-miR-654-5p","GDI1"
"100","MIRT489833","hsa-miR-654-5p","HCFC1"
"101","MIRT716686","hsa-miR-654-5p","HLA-B"
"102","MIRT502225","hsa-miR-654-5p","HOXC6"
"103","MIRT635892","hsa-miR-654-5p","SP110"
"104","MIRT452368","hsa-miR-654-5p","LY6E"
"105","MIRT473362","hsa-miR-654-5p","MEF2D"
"106","MIRT734259","hsa-miR-654-5p","MIF"
"107","MIRT511104","hsa-miR-654-5p","NFIB"
"108","MIRT492894","hsa-miR-654-5p","NFIC"
"109","MIRT488749","hsa-miR-654-5p","FXYD1"
"110","MIRT489153","hsa-miR-654-5p","MRPL12"
"111","MIRT490717","hsa-miR-654-5p","SLC9A3"
"112","MIRT513349","hsa-miR-654-5p","SLIT1"
"113","MIRT462685","hsa-miR-654-5p","SNRPD3"
"114","MIRT492180","hsa-miR-654-5p","SOX12"
"115","MIRT698648","hsa-miR-654-5p","TERF2"
"116","MIRT634133","hsa-miR-654-5p","YWHAZ"
"117","MIRT462764","hsa-miR-654-5p","ZNF8"
"118","MIRT480706","hsa-miR-654-5p","BRPF1"
"119","MIRT702127","hsa-miR-654-5p","MAPKAPK5"
"120","MIRT521142","hsa-miR-654-5p","SGPL1"
"121","MIRT500516","hsa-miR-654-5p","ZBTB22"
"122","MIRT468126","hsa-miR-654-5p","SH3PXD2A"
"123","MIRT692147","hsa-miR-654-5p","CEP104"
"124","MIRT465082","hsa-miR-654-5p","TSPAN3"
"125","MIRT463377","hsa-miR-654-5p","ZER1"
"126","MIRT607634","hsa-miR-654-5p","TRIOBP"
"127","MIRT697298","hsa-miR-654-5p","ZNF652"
"128","MIRT467308","hsa-miR-654-5p","SPG20"
"129","MIRT665181","hsa-miR-654-5p","HAUS5"
"130","MIRT518438","hsa-miR-654-5p","VPS8"
"131","MIRT718102","hsa-miR-654-5p","CRTC1"
"132","MIRT468335","hsa-miR-654-5p","SF3B3"
"133","MIRT652328","hsa-miR-654-5p","TNFAIP8"
"134","MIRT513297","hsa-miR-654-5p","SETBP1"
"135","MIRT471114","hsa-miR-654-5p","PHF19"
"136","MIRT559894","hsa-miR-654-5p","CNNM4"
"137","MIRT481002","hsa-miR-654-5p","BBC3"
"138","MIRT482335","hsa-miR-654-5p","AGO2"
"139","MIRT678179","hsa-miR-654-5p","CRCP"
"140","MIRT546222","hsa-miR-654-5p","TNRC18P2"
"141","MIRT075901","hsa-miR-654-5p","C16ORF72"
"142","MIRT645642","hsa-miR-654-5p","MRPS16"
"143","MIRT481751","hsa-miR-654-5p","APH1A"
"144","MIRT117861","hsa-miR-654-5p","ZBTB7A"
"145","MIRT660664","hsa-miR-654-5p","ANKFY1"
"146","MIRT569716","hsa-miR-654-5p","GPR173"
"147","MIRT465248","hsa-miR-654-5p","TRIM44"
"148","MIRT499357","hsa-miR-654-5p","RFWD3"
"149","MIRT666251","hsa-miR-654-5p","SLC38A7"
"150","MIRT469143","hsa-miR-654-5p","RNF121"
"151","MIRT518935","hsa-miR-654-5p","LSG1"
"152","MIRT491044","hsa-miR-654-5p","CHST12"
"153","MIRT719372","hsa-miR-654-5p","FEM1A"
"154","MIRT640613","hsa-miR-654-5p","MIOX"
"155","MIRT697116","hsa-miR-654-5p","OTUD5"
"156","MIRT661478","hsa-miR-654-5p","CHMP1B"
"157","MIRT502360","hsa-miR-654-5p","GIGYF1"
"158","MIRT499627","hsa-miR-654-5p","CREB3L2"
"159","MIRT485255","hsa-miR-654-5p","PLEKHA3"
"160","MIRT693096","hsa-miR-654-5p","SCNM1"
"161","MIRT454133","hsa-miR-654-5p","FOXRED2"
"162","MIRT522053","hsa-miR-654-5p","ORAI2"
"163","MIRT715902","hsa-miR-654-5p","MFRP"
"164","MIRT663995","hsa-miR-654-5p","WDR75"
"165","MIRT665322","hsa-miR-654-5p","YIPF4"
"166","MIRT452784","hsa-miR-654-5p","FAM136A"
"167","MIRT679611","hsa-miR-654-5p","RRP36"
"168","MIRT634698","hsa-miR-654-5p","DSEL"
"169","MIRT473305","hsa-miR-654-5p","MEX3A"
"170","MIRT460134","hsa-miR-654-5p","ASB16"
"171","MIRT519985","hsa-miR-654-5p","ZBTB47"
"172","MIRT482940","hsa-miR-654-5p","ZNF561"
"173","MIRT519907","hsa-miR-654-5p","ZFAND4"
"174","MIRT538637","hsa-miR-654-5p","CCSAP"
"175","MIRT608042","hsa-miR-654-5p","UBLCP1"
"176","MIRT486139","hsa-miR-654-5p","SIX5"
"177","MIRT702043","hsa-miR-654-5p","METTL21A"
"178","MIRT636703","hsa-miR-654-5p","ARSK"
"179","MIRT666845","hsa-miR-654-5p","PPTC7"
"180","MIRT451094","hsa-miR-654-5p","ZNF584"
"181","MIRT520695","hsa-miR-654-5p","TMED4"
"182","MIRT469196","hsa-miR-654-5p","RICTOR"
"183","MIRT474232","hsa-miR-654-5p","LCLAT1"
"184","MIRT689685","hsa-miR-654-5p","TMPRSS12"
"185","MIRT455943","hsa-miR-654-5p","CYP4A22"
"186","MIRT695457","hsa-miR-654-5p","COX18"
"187","MIRT457756","hsa-miR-654-5p","ZC3H12B"
"188","MIRT639133","hsa-miR-654-5p","ZNF726"
"189","MIRT629541","hsa-miR-654-5p","TMEM239"
"190","MIRT754863","hsa-miR-190a-5p","NOL4L"
"191","MIRT740651","hsa-miR-190a-5p","HACD4"
"193","MIRT642160","hsa-miR-190a-5p","ADCYAP1R1"
"194","MIRT005066","hsa-miR-190a-5p","CDKN1B"
"195","MIRT474584","hsa-miR-190a-5p","KLF6"
"196","MIRT478457","hsa-miR-190a-5p","DAB2"
"197","MIRT437446","hsa-miR-190a-5p","MARK2"
"198","MIRT449561","hsa-miR-190a-5p","GPC5"
"199","MIRT476733","hsa-miR-190a-5p","FOXN2"
"200","MIRT438368","hsa-miR-190a-5p","IGF1"
"201","MIRT511367","hsa-miR-190a-5p","IL6ST"
"202","MIRT545077","hsa-miR-190a-5p","IL7R"
"203","MIRT474211","hsa-miR-190a-5p","LDHA"
"204","MIRT473737","hsa-miR-190a-5p","MAP3K9"
"205","MIRT501735","hsa-miR-190a-5p","OVOL1"
"206","MIRT469929","hsa-miR-190a-5p","PTPRJ"
"207","MIRT520516","hsa-miR-190a-5p","TRA2B"
"208","MIRT021081","hsa-miR-190a-5p","VEGFA"
"209","MIRT550158","hsa-miR-190a-5p","ZNF223"
"210","MIRT544616","hsa-miR-190a-5p","CSDE1"
"211","MIRT444673","hsa-miR-190a-5p","CDKL2"
"212","MIRT545850","hsa-miR-190a-5p","ZNF264"
"213","MIRT446636","hsa-miR-190a-5p","SDC3"
"214","MIRT572515","hsa-miR-190a-5p","KIAA0232"
"215","MIRT533917","hsa-miR-190a-5p","TATDN2"
"216","MIRT553949","hsa-miR-190a-5p","STAMBP"
"217","MIRT667489","hsa-miR-190a-5p","MAP3K2"
"218","MIRT544420","hsa-miR-190a-5p","ZNF460"
"219","MIRT495328","hsa-miR-190a-5p","ADAMTS8"
"220","MIRT646206","hsa-miR-190a-5p","DUSP10"
"221","MIRT021082","hsa-miR-190a-5p","PHLPP1"
"222","MIRT507985","hsa-miR-190a-5p","BCL2L13"
"223","MIRT531897","hsa-miR-190a-5p","INVS"
"224","MIRT554396","hsa-miR-190a-5p","SERP1"
"225","MIRT627780","hsa-miR-190a-5p","RAB30"
"226","MIRT250412","hsa-miR-190a-5p","TNRC6A"
"227","MIRT657008","hsa-miR-190a-5p","KCNMB4"
"228","MIRT547435","hsa-miR-190a-5p","MED4"
"229","MIRT537504","hsa-miR-190a-5p","FAM13B"
"230","MIRT306292","hsa-miR-190a-5p","KLHL24"
"231","MIRT446390","hsa-miR-190a-5p","PCDHB11"
"232","MIRT054652","hsa-miR-190a-5p","KCNQ5"
"233","MIRT734475","hsa-miR-190a-5p","CELF4"
"235","MIRT508445","hsa-miR-190a-5p","ZNF608"
"236","MIRT506518","hsa-miR-190a-5p","MSANTD4"
"237","MIRT449411","hsa-miR-190a-5p","TRIM5"
"238","MIRT524570","hsa-miR-190a-5p","CALML4"
"239","MIRT504679","hsa-miR-190a-5p","CYGB"
"240","MIRT566844","hsa-miR-190a-5p","LRRC58"
"241","MIRT564195","hsa-miR-190a-5p","PM20D2"
"242","MIRT665818","hsa-miR-190a-5p","TMEM161B"
"243","MIRT192448","hsa-miR-190a-5p","SPRED1"
"244","MIRT355844","hsa-miR-190a-5p","SGMS2"
"245","MIRT707099","hsa-miR-190a-5p","ZNF850"
"246","MIRT541690","hsa-miR-190a-5p","CCDC160"
"247","MIRT635160","hsa-miR-190a-5p","ENO4"
"248","MIRT607429","hsa-miR-190a-5p","NOTCH2NL"
"249","MIRT708720","hsa-miR-190a-5p","PTPLAD2"
"250","MIRT555668","hsa-miR-190a-5p","PGAM4"
"251","MIRT066965","hsa-miR-190a-5p","ATXN7L3B"
"252","MIRT501850","hsa-miR-190a-5p","MTRNR2L8"
"253","MIRT498616","hsa-miR-190a-5p","MTRNR2L10"
"254","MIRT737451","hsa-miR-22-3p","AKT2"
"255","MIRT005900","hsa-miR-22-3p","BDNF"
"256","MIRT438480","hsa-miR-22-3p","BMP6"
"257","MIRT002000","hsa-miR-22-3p","BMP7"
"258","MIRT438479","hsa-miR-22-3p","BMPR1B"
"259","MIRT438122","hsa-miR-22-3p","BSG"
"260","MIRT030634","hsa-miR-22-3p","BTF3"
"261","MIRT438921","hsa-miR-22-3p","BTG1"
"262","MIRT050455","hsa-miR-22-3p","BUB1B"
"263","MIRT030643","hsa-miR-22-3p","CCNT2"
"264","MIRT053753","hsa-miR-22-3p","CD151"
"265","MIRT732872","hsa-miR-22-3p","CDK1"
"266","MIRT734215","hsa-miR-22-3p","CDH5"
"267","MIRT030654","hsa-miR-22-3p","CDK6"
"268","MIRT053319","hsa-miR-22-3p","CDKN1A"
"269","MIRT733343","hsa-miR-22-3p","CREB1"
"270","MIRT734408","hsa-miR-22-3p","MAPK14"
"271","MIRT438232","hsa-miR-22-3p","CSF1R"
"272","MIRT030638","hsa-miR-22-3p","CSNK2A1"
"273","MIRT538116","hsa-miR-22-3p","DDX6"
"274","MIRT030648","hsa-miR-22-3p","E2F2"
"275","MIRT737241","hsa-miR-22-3p","ENO1"
"276","MIRT006210","hsa-miR-22-3p","ERBB3"
"277","MIRT002474","hsa-miR-22-3p","ESR1"
"278","MIRT050456","hsa-miR-22-3p","FKBP5"
"279","MIRT030650","hsa-miR-22-3p","NR3C1"
"280","MIRT030659","hsa-miR-22-3p","H3F3B"
"281","MIRT437403","hsa-miR-22-3p","HIF1A"
"282","MIRT007157","hsa-miR-22-3p","HMGB1"
"283","MIRT050463","hsa-miR-22-3p","HSPA1B"
"284","MIRT005901","hsa-miR-22-3p","HTR2C"
"285","MIRT054848","hsa-miR-22-3p","CYR61"
"286","MIRT732336","hsa-miR-22-3p","CXCR2"
"287","MIRT258110","hsa-miR-22-3p","INSIG1"
"288","MIRT007158","hsa-miR-22-3p","IRF5"
"289","MIRT050472","hsa-miR-22-3p","RPSA"
"290","MIRT050450","hsa-miR-22-3p","LBP"
"291","MIRT437402","hsa-miR-22-3p","LGALS1"
"292","MIRT731478","hsa-miR-22-3p","LGALS9"
"293","MIRT005902","hsa-miR-22-3p","MAOA"
"294","MIRT030633","hsa-miR-22-3p","MAX"
"296","MIRT732074","hsa-miR-22-3p","MMP14"
"297","MIRT734975","hsa-miR-22-3p","MTHFR"
"298","MIRT732853","hsa-miR-22-3p","MYC"
"299","MIRT050462","hsa-miR-22-3p","MYO6"
"300","MIRT030647","hsa-miR-22-3p","PDHA1"
"301","MIRT030655","hsa-miR-22-3p","PIK3C2A"
"302","MIRT002473","hsa-miR-22-3p","PPARA"
"303","MIRT030635","hsa-miR-22-3p","PRKACA"
"304","MIRT006745","hsa-miR-22-3p","PTEN"
"305","MIRT006467","hsa-miR-22-3p","PTMS"
"306","MIRT050469","hsa-miR-22-3p","PEX5"
"307","MIRT030657","hsa-miR-22-3p","RAB5B"
"308","MIRT700281","hsa-miR-22-3p","RAP2B"
"309","MIRT572719","hsa-miR-22-3p","RBL1"
"310","MIRT005903","hsa-miR-22-3p","RGS2"
"311","MIRT050454","hsa-miR-22-3p","RPL24"
"312","MIRT050460","hsa-miR-22-3p","RPL35A"
"313","MIRT050452","hsa-miR-22-3p","RPS2"
"314","MIRT050453","hsa-miR-22-3p","RPS4X"
"315","MIRT110212","hsa-miR-22-3p","SCD"
"316","MIRT734051","hsa-miR-22-3p","SFRP2"
"317","MIRT030646","hsa-miR-22-3p","SRSF7"
"318","MIRT699417","hsa-miR-22-3p","SLC2A1"
"319","MIRT732075","hsa-miR-22-3p","SNAI1"
"320","MIRT007329","hsa-miR-22-3p","SP1"
"321","MIRT572706","hsa-miR-22-3p","SRPK1"
"322","MIRT050473","hsa-miR-22-3p","STX4"
"323","MIRT030639","hsa-miR-22-3p","TBX3"
"324","MIRT731389","hsa-miR-22-3p","TCF7"
"325","MIRT004538","hsa-miR-22-3p","TFRC"
"326","MIRT737570","hsa-miR-22-3p","TGFB1"
"327","MIRT438887","hsa-miR-22-3p","TIAM1"
"328","MIRT465391","hsa-miR-22-3p","TPD52L2"
"329","MIRT552906","hsa-miR-22-3p","VSNL1"
"330","MIRT053534","hsa-miR-22-3p","WNT1"
"332","MIRT030645","hsa-miR-22-3p","ZNF217"
"333","MIRT050457","hsa-miR-22-3p","ALMS1"
"334","MIRT050464","hsa-miR-22-3p","NUP214"
"335","MIRT006106","hsa-miR-22-3p","NCOA1"
"336","MIRT530326","hsa-miR-22-3p","TNFRSF10D"
"337","MIRT050458","hsa-miR-22-3p","FUBP1"
"338","MIRT050461","hsa-miR-22-3p","VAPB"
"339","MIRT006444","hsa-miR-22-3p","TCEAL1"
"340","MIRT050471","hsa-miR-22-3p","RBM39"
"341","MIRT442704","hsa-miR-22-3p","ZNF646"
"342","MIRT572795","hsa-miR-22-3p","IFT140"
"343","MIRT004035","hsa-miR-22-3p","HDAC4"
"344","MIRT052981","hsa-miR-22-3p","HDAC6"
"345","MIRT006195","hsa-miR-22-3p","ARPC5"
"346","MIRT438530","hsa-miR-22-3p","NET1"
"347","MIRT572224","hsa-miR-22-3p","BTN3A3"
"349","MIRT716840","hsa-miR-22-3p","EFR3B"
"350","MIRT732854","hsa-miR-22-3p","PHF8"
"351","MIRT007220","hsa-miR-22-3p","RCOR1"
"352","MIRT030637","hsa-miR-22-3p","TBC1D12"
"353","MIRT533138","hsa-miR-22-3p","WWC1"
"354","MIRT030658","hsa-miR-22-3p","FRAT2"
"355","MIRT263019","hsa-miR-22-3p","SIRT1"
"356","MIRT718160","hsa-miR-22-3p","TTC33"
"357","MIRT050466","hsa-miR-22-3p","ELP5"
"358","MIRT030644","hsa-miR-22-3p","LEMD3"
"359","MIRT505736","hsa-miR-22-3p","SERBP1"
"360","MIRT717316","hsa-miR-22-3p","TRAF3IP1"
"361","MIRT005505","hsa-miR-22-3p","MYCBP"
"362","MIRT030641","hsa-miR-22-3p","FOXP1"
"363","MIRT737174","hsa-miR-22-3p","EEF2K"
"364","MIRT646366","hsa-miR-22-3p","PIGP"
"365","MIRT677708","hsa-miR-22-3p","GINS2"
"366","MIRT668845","hsa-miR-22-3p","CYCS"
"367","MIRT245557","hsa-miR-22-3p","DDIT4"
"368","MIRT053224","hsa-miR-22-3p","TET2"
"369","MIRT688566","hsa-miR-22-3p","DCAF16"
"370","MIRT722900","hsa-miR-22-3p","LRRC20"
"371","MIRT030660","hsa-miR-22-3p","LRRC1"
"372","MIRT030640","hsa-miR-22-3p","MIS18BP1"
"373","MIRT030649","hsa-miR-22-3p","LIN7C"
"374","MIRT705019","hsa-miR-22-3p","CAMK2N1"
"375","MIRT733599","hsa-miR-22-3p","KDM3A"
"376","MIRT700249","hsa-miR-22-3p","RCC2"
"377","MIRT457536","hsa-miR-22-3p","ZMAT5"
"378","MIRT030636","hsa-miR-22-3p","ZFYVE20"
"380","MIRT736884","hsa-miR-22-3p","GSDMD"
"381","MIRT030653","hsa-miR-22-3p","EDC3"
"382","MIRT524308","hsa-miR-22-3p","CTC1"
"383","MIRT143443","hsa-miR-22-3p","CHD9"
"384","MIRT050465","hsa-miR-22-3p","SPG11"
"385","MIRT733779","hsa-miR-22-3p","ZFP91"
"386","MIRT050451","hsa-miR-22-3p","CLPTM1L"
"387","MIRT030651","hsa-miR-22-3p","TSC22D4"
"388","MIRT616770","hsa-miR-22-3p","LONP2"
"389","MIRT474969","hsa-miR-22-3p","KCTD10"
"390","MIRT030642","hsa-miR-22-3p","ARID5B"
"391","MIRT050468","hsa-miR-22-3p","GLIS2"
"392","MIRT050470","hsa-miR-22-3p","SFXN1"
"393","MIRT735168","hsa-miR-22-3p","NLRP3"
"394","MIRT714521","hsa-miR-22-3p","VASN"
"395","MIRT050459","hsa-miR-22-3p","KCTD12"
"396","MIRT518132","hsa-miR-22-3p","C15orf40"
"397","MIRT616391","hsa-miR-22-3p","C1orf87"
"398","MIRT005779","hsa-miR-22-3p","ACVR1C"
"399","MIRT030656","hsa-miR-22-3p","C5orf24"
"400","MIRT030652","hsa-miR-22-3p","SOGA1"
"401","MIRT050467","hsa-miR-22-3p","DNHD1"
"402","MIRT682771","hsa-miR-22-3p","TMEM120B"
"403","MIRT066400","hsa-miR-22-3p","PDIK1L"
"404","MIRT498344","hsa-miR-22-3p","PRELID2"
"405","MIRT725426","hsa-miR-22-3p","HNRNPA3"
"407","MIRT494485","hsa-miR-22-3p","BRWD3"
"408","MIRT737540","hsa-miR-22-3p","H19"
"409","MIRT735018","hsa-miR-22-3p","NEAT1"
"410","MIRT732335","hsa-miR-22-3p","MALAT1"
"411","MIRT568735","hsa-miR-22-3p","ZNF662"
"412","MIRT532406","hsa-miR-22-3p","RAB44"
"413","MIRT652495","hsa-miR-22-3p","TMEM178B"
"414","MIRT740793","hsa-miR-3613-5p","SARAF"
"416","MIRT574807","hsa-miR-3613-5p","EIF4A1"
"417","MIRT702850","hsa-miR-3613-5p","HNRNPA1"
"418","MIRT395248","hsa-miR-3613-5p","MT1E"
"419","MIRT284327","hsa-miR-3613-5p","MT2A"
"420","MIRT535749","hsa-miR-3613-5p","MYO10"
"421","MIRT470275","hsa-miR-3613-5p","PRKAA1"
"422","MIRT450698","hsa-miR-3613-5p","RORA"
"423","MIRT574373","hsa-miR-3613-5p","YY1"
"424","MIRT546065","hsa-miR-3613-5p","VEZF1"
"425","MIRT481593","hsa-miR-3613-5p","ARID1A"
"426","MIRT447619","hsa-miR-3613-5p","CUL3"
"427","MIRT176645","hsa-miR-3613-5p","SMC3"
"428","MIRT561836","hsa-miR-3613-5p","NREP"
"429","MIRT636468","hsa-miR-3613-5p","LHFP"
"430","MIRT471518","hsa-miR-3613-5p","PCGF3"
"431","MIRT527432","hsa-miR-3613-5p","DDX17"
"432","MIRT226730","hsa-miR-3613-5p","ANP32B"
"433","MIRT556056","hsa-miR-3613-5p","MTF2"
"434","MIRT486037","hsa-miR-3613-5p","UBBP4"
"435","MIRT394859","hsa-miR-3613-5p","FLVCR1"
"436","MIRT456332","hsa-miR-3613-5p","F11R"
"437","MIRT536286","hsa-miR-3613-5p","LIMA1"
"438","MIRT698184","hsa-miR-3613-5p","TMEM66"
"440","MIRT720990","hsa-miR-3613-5p","STRBP"
"441","MIRT609780","hsa-miR-3613-5p","NHSL1"
"442","MIRT630747","hsa-miR-3613-5p","COG6"
"443","MIRT636729","hsa-miR-3613-5p","AFAP1"
"444","MIRT534866","hsa-miR-3613-5p","QSER1"
"445","MIRT552120","hsa-miR-3613-5p","MED10"
"446","MIRT057668","hsa-miR-3613-5p","LCOR"
"447","MIRT613990","hsa-miR-3613-5p","NTNG2"
"448","MIRT556457","hsa-miR-3613-5p","LMNB2"
"449","MIRT710053","hsa-miR-3613-5p","RWDD2A"
"450","MIRT651450","hsa-miR-3613-5p","XKR4"
"451","MIRT714690","hsa-miR-3613-5p","TNFRSF13C"
"452","MIRT693905","hsa-miR-3613-5p","HNRNPA1L2"
"453","MIRT488700","hsa-miR-3613-5p","VPS13B"
"454","MIRT551886","hsa-miR-3613-5p","MMS22L"
"455","MIRT609431","hsa-miR-3613-5p","MTX3"
"456","MIRT563015","hsa-miR-3613-5p","GPR141"
"457","MIRT694031","hsa-miR-3613-5p","NCR3LG1"
"458","MIRT475866","hsa-miR-3613-5p","H3F3C"
"459","MIRT755177","hsa-miR-3200-5p","ACKR2"
"460","MIRT737760","hsa-miR-3200-5p","LUC7L3"
"461","MIRT738010","hsa-miR-3200-5p","APC"
"462","MIRT739613","hsa-miR-3200-5p","ARHGEF37"
"463","MIRT754508","hsa-miR-3200-5p","ADGRF1"
"464","MIRT754749","hsa-miR-3200-5p","PLET1"
"466","MIRT695519","hsa-miR-3200-5p","ALPI"
"467","MIRT462575","hsa-miR-3200-5p","STS"
"468","MIRT619771","hsa-miR-3200-5p","C6"
"469","MIRT484459","hsa-miR-3200-5p","CAD"
"470","MIRT134829","hsa-miR-3200-5p","CCND2"
"471","MIRT689443","hsa-miR-3200-5p","CYB561"
"472","MIRT562437","hsa-miR-3200-5p","EEF2"
"473","MIRT502192","hsa-miR-3200-5p","IGF1R"
"474","MIRT522808","hsa-miR-3200-5p","KPNA3"
"475","MIRT543611","hsa-miR-3200-5p","MFAP3"
"476","MIRT452103","hsa-miR-3200-5p","NUCB2"
"477","MIRT510982","hsa-miR-3200-5p","PFN2"
"478","MIRT634426","hsa-miR-3200-5p","PHKG2"
"479","MIRT516264","hsa-miR-3200-5p","RPL5"
"480","MIRT717791","hsa-miR-3200-5p","TGFBR2"
"481","MIRT531421","hsa-miR-3200-5p","VEGFC"
"482","MIRT571368","hsa-miR-3200-5p","ZNF45"
"483","MIRT513402","hsa-miR-3200-5p","PAX8"
"484","MIRT553477","hsa-miR-3200-5p","TNFSF9"
"485","MIRT080406","hsa-miR-3200-5p","ONECUT2"
"486","MIRT505532","hsa-miR-3200-5p","SPATA2"
"487","MIRT725402","hsa-miR-3200-5p","LRIG2"
"488","MIRT096938","hsa-miR-3200-5p","PAPD7"
"489","MIRT625359","hsa-miR-3200-5p","MGLL"
"490","MIRT568053","hsa-miR-3200-5p","CHSY1"
"491","MIRT527391","hsa-miR-3200-5p","DDHD2"
"492","MIRT444870","hsa-miR-3200-5p","TFIP11"
"493","MIRT470399","hsa-miR-3200-5p","PPP1R16B"
"495","MIRT693849","hsa-miR-3200-5p","ZNF107"
"496","MIRT548833","hsa-miR-3200-5p","CHIC1"
"497","MIRT446260","hsa-miR-3200-5p","GRAMD1C"
"498","MIRT502047","hsa-miR-3200-5p","LAMTOR1"
"499","MIRT467839","hsa-miR-3200-5p","SLC25A36"
"500","MIRT255323","hsa-miR-3200-5p","CDV3"
"501","MIRT544343","hsa-miR-3200-5p","ENAH"
"502","MIRT548802","hsa-miR-3200-5p","CLIP4"
"503","MIRT509685","hsa-miR-3200-5p","ATAD5"
"504","MIRT696603","hsa-miR-3200-5p","ZNF442"
"505","MIRT063696","hsa-miR-3200-5p","WDR26"
"506","MIRT531127","hsa-miR-3200-5p","CLPB"
"507","MIRT556608","hsa-miR-3200-5p","LDOC1L"
"508","MIRT545514","hsa-miR-3200-5p","EPT1"
"509","MIRT556440","hsa-miR-3200-5p","LONRF1"
"510","MIRT445939","hsa-miR-3200-5p","KLHL32"
"511","MIRT459076","hsa-miR-3200-5p","WFIKKN2"
"512","MIRT537501","hsa-miR-3200-5p","FAM168B"
"513","MIRT570807","hsa-miR-3200-5p","CKAP2L"
"514","MIRT550936","hsa-miR-3200-5p","ZNF100"
"515","MIRT638399","hsa-miR-3200-5p","QSOX2"
"516","MIRT449897","hsa-miR-3200-5p","C11orf34"
"517","MIRT754901","hsa-miR-423-5p","CAPN15"
"518","MIRT489647","hsa-miR-423-5p","ABL1"
"519","MIRT038157","hsa-miR-423-5p","ACTG1"
"520","MIRT737113","hsa-miR-423-5p","ADCY3"
"521","MIRT482151","hsa-miR-423-5p","AK2"
"522","MIRT644451","hsa-miR-423-5p","ALDOC"
"523","MIRT038106","hsa-miR-423-5p","ARHGDIA"
"524","MIRT481453","hsa-miR-423-5p","ARRB2"
"525","MIRT489230","hsa-miR-423-5p","ASCL2"
"526","MIRT483709","hsa-miR-423-5p","ASPH"
"527","MIRT038088","hsa-miR-423-5p","ATP2B4"
"528","MIRT038164","hsa-miR-423-5p","ATP5B"
"529","MIRT038081","hsa-miR-423-5p","ATP6V1E1"
"530","MIRT038023","hsa-miR-423-5p","KIF1A"
"531","MIRT568305","hsa-miR-423-5p","BAK1"
"532","MIRT038046","hsa-miR-423-5p","ZFP36L1"
"533","MIRT253003","hsa-miR-423-5p","CALM3"
"534","MIRT038069","hsa-miR-423-5p","RUNX1"
"536","MIRT038126","hsa-miR-423-5p","CCNF"
"537","MIRT038125","hsa-miR-423-5p","CD81"
"538","MIRT038036","hsa-miR-423-5p","CDKN2A"
"539","MIRT038165","hsa-miR-423-5p","CEBPB"
"540","MIRT486535","hsa-miR-423-5p","CLCN7"
"542","MIRT038056","hsa-miR-423-5p","CSTB"
"543","MIRT038178","hsa-miR-423-5p","DAG1"
"544","MIRT038077","hsa-miR-423-5p","DLX5"
"545","MIRT038080","hsa-miR-423-5p","ATN1"
"546","MIRT477781","hsa-miR-423-5p","E2F3"
"547","MIRT038089","hsa-miR-423-5p","EPB41"
"548","MIRT038079","hsa-miR-423-5p","FAAH"
"549","MIRT038093","hsa-miR-423-5p","FKBP4"
"550","MIRT038105","hsa-miR-423-5p","GAPDH"
"551","MIRT455534","hsa-miR-423-5p","GJB1"
"552","MIRT038153","hsa-miR-423-5p","GLUL"
"553","MIRT038052","hsa-miR-423-5p","MKNK2"
"554","MIRT710756","hsa-miR-423-5p","GRID1"
"555","MIRT038149","hsa-miR-423-5p","GTF2F1"
"556","MIRT038090","hsa-miR-423-5p","HIST1H1C"
"557","MIRT038119","hsa-miR-423-5p","HIST1H1E"
"558","MIRT491504","hsa-miR-423-5p","HLA-DOA"
"559","MIRT038144","hsa-miR-423-5p","HOXA7"
"560","MIRT493434","hsa-miR-423-5p","KCNK3"
"561","MIRT474273","hsa-miR-423-5p","LASP1"
"562","MIRT038138","hsa-miR-423-5p","LRCH4"
"563","MIRT509415","hsa-miR-423-5p","MCM7"
"564","MIRT473434","hsa-miR-423-5p","MDM4"
"565","MIRT038170","hsa-miR-423-5p","MFGE8"
"567","MIRT661923","hsa-miR-423-5p","MLN"
"568","MIRT573517","hsa-miR-423-5p","MMP17"
"569","MIRT491691","hsa-miR-423-5p","MNT"
"570","MIRT038045","hsa-miR-423-5p","ATP6"
"571","MIRT038031","hsa-miR-423-5p","COX1"
"572","MIRT038034","hsa-miR-423-5p","ND5"
"573","MIRT038033","hsa-miR-423-5p","MYBL2"
"575","MIRT038060","hsa-miR-423-5p","CEACAM6"
"576","MIRT254645","hsa-miR-423-5p","NF2"
"577","MIRT574579","hsa-miR-423-5p","NFIX"
"578","MIRT038120","hsa-miR-423-5p","NFKB2"
"579","MIRT456577","hsa-miR-423-5p","NID1"
"580","MIRT038030","hsa-miR-423-5p","NME2"
"581","MIRT451722","hsa-miR-423-5p","OLR1"
"582","MIRT038112","hsa-miR-423-5p","PA2G4"
"583","MIRT038058","hsa-miR-423-5p","PAK1"
"584","MIRT038163","hsa-miR-423-5p","PAX2"
"585","MIRT038098","hsa-miR-423-5p","PCBP1"
"586","MIRT038100","hsa-miR-423-5p","PDPK1"
"587","MIRT454761","hsa-miR-423-5p","PFKFB3"
"588","MIRT038155","hsa-miR-423-5p","PKM"
"589","MIRT561765","hsa-miR-423-5p","PLAGL2"
"590","MIRT038051","hsa-miR-423-5p","PPIA"
"591","MIRT470189","hsa-miR-423-5p","PSMD11"
"592","MIRT038123","hsa-miR-423-5p","PTMA"
"593","MIRT038172","hsa-miR-423-5p","RPL10"
"594","MIRT038096","hsa-miR-423-5p","RPL18A"
"595","MIRT038169","hsa-miR-423-5p","RPL23A"
"597","MIRT038095","hsa-miR-423-5p","RPS9"
"598","MIRT038039","hsa-miR-423-5p","RPS10"
"599","MIRT038026","hsa-miR-423-5p","RPS15A"
"600","MIRT722673","hsa-miR-423-5p","RRM2"
"601","MIRT038173","hsa-miR-423-5p","SALL1"
"602","MIRT736182","hsa-miR-423-5p","CXCL12"
"603","MIRT489664","hsa-miR-423-5p","SHMT1"
"604","MIRT692263","hsa-miR-423-5p","SLC2A5"
"605","MIRT038054","hsa-miR-423-5p","SLC6A6"
"606","MIRT038121","hsa-miR-423-5p","SLC7A2"
"607","MIRT494370","hsa-miR-423-5p","SOLH"
"610","MIRT038148","hsa-miR-423-5p","SRM"
"611","MIRT038146","hsa-miR-423-5p","SRP54"
"612","MIRT497819","hsa-miR-423-5p","STAT5B"
"613","MIRT459510","hsa-miR-423-5p","TACR3"
"614","MIRT496595","hsa-miR-423-5p","TAGLN"
"615","MIRT470469","hsa-miR-423-5p","PPP1R11"
"616","MIRT113259","hsa-miR-423-5p","TMBIM6"
"617","MIRT053601","hsa-miR-423-5p","TFF1"
"618","MIRT038122","hsa-miR-423-5p","TIMP3"
"619","MIRT451796","hsa-miR-423-5p","TLR5"
"620","MIRT544297","hsa-miR-423-5p","TSPYL1"
"621","MIRT038113","hsa-miR-423-5p","UBE2D3"
"622","MIRT038073","hsa-miR-423-5p","UBE2L3"
"623","MIRT735672","hsa-miR-423-5p","USF2"
"624","MIRT491894","hsa-miR-423-5p","YWHAE"
"626","MIRT038134","hsa-miR-423-5p","ZYX"
"628","MIRT038145","hsa-miR-423-5p","PRRC2A"
"629","MIRT038016","hsa-miR-423-5p","HIST2H2BE"
"630","MIRT038087","hsa-miR-423-5p","ULK1"
"631","MIRT449933","hsa-miR-423-5p","TPST2"
"632","MIRT038166","hsa-miR-423-5p","YARS"
"633","MIRT712118","hsa-miR-423-5p","TMEM11"
"634","MIRT038085","hsa-miR-423-5p","SQSTM1"
"635","MIRT501095","hsa-miR-423-5p","SLC5A6"
"636","MIRT038158","hsa-miR-423-5p","MTMR3"
"637","MIRT038029","hsa-miR-423-5p","FAM127A"
"638","MIRT060312","hsa-miR-423-5p","RPS6KA4"
"639","MIRT038017","hsa-miR-423-5p","USP6"
"640","MIRT694387","hsa-miR-423-5p","MTA1"
"641","MIRT466752","hsa-miR-423-5p","SYNGR2"
"642","MIRT489364","hsa-miR-423-5p","SYNGR1"
"643","MIRT456322","hsa-miR-423-5p","ARHGEF2"
"644","MIRT038053","hsa-miR-423-5p","DDX21"
"645","MIRT038083","hsa-miR-423-5p","NOLC1"
"646","MIRT038103","hsa-miR-423-5p","PTTG1"
"647","MIRT038024","hsa-miR-423-5p","SRSF11"
"648","MIRT038082","hsa-miR-423-5p","SLC9A3R1"
"649","MIRT038114","hsa-miR-423-5p","GTPBP1"
"650","MIRT038020","hsa-miR-423-5p","NOS1AP"
"651","MIRT038109","hsa-miR-423-5p","ARHGAP32"
"652","MIRT038025","hsa-miR-423-5p","BCLAF1"
"654","MIRT038048","hsa-miR-423-5p","EPM2AIP1"
"655","MIRT038175","hsa-miR-423-5p","PSMD6"
"656","MIRT038128","hsa-miR-423-5p","RCE1"
"657","MIRT038057","hsa-miR-423-5p","ABCC5"
"658","MIRT464328","hsa-miR-423-5p","UST"
"659","MIRT038141","hsa-miR-423-5p","TRIM28"
"660","MIRT493983","hsa-miR-423-5p","EIF1"
"661","MIRT038028","hsa-miR-423-5p","GDF11"
"662","MIRT038043","hsa-miR-423-5p","NDRG1"
"663","MIRT038032","hsa-miR-423-5p","ARPC1A"
"664","MIRT038011","hsa-miR-423-5p","RABAC1"
"665","MIRT038135","hsa-miR-423-5p","DRAP1"
"666","MIRT246175","hsa-miR-423-5p","TXNIP"
"667","MIRT038131","hsa-miR-423-5p","FAM189B"
"668","MIRT038076","hsa-miR-423-5p","PNRC1"
"669","MIRT038027","hsa-miR-423-5p","CCNI"
"670","MIRT038037","hsa-miR-423-5p","TDRKH"
"671","MIRT038127","hsa-miR-423-5p","HNRNPUL1"
"672","MIRT038038","hsa-miR-423-5p","AKAP13"
"673","MIRT038108","hsa-miR-423-5p","RNF139"
"674","MIRT499186","hsa-miR-423-5p","RBPJL"
"675","MIRT348822","hsa-miR-423-5p","U2AF2"
"676","MIRT038152","hsa-miR-423-5p","COPZ1"
"677","MIRT038086","hsa-miR-423-5p","CLSTN1"
"678","MIRT655874","hsa-miR-423-5p","NFASC"
"679","MIRT492114","hsa-miR-423-5p","TAB2"
"680","MIRT470813","hsa-miR-423-5p","PLXND1"
"681","MIRT500208","hsa-miR-423-5p","MAPK8IP3"
"682","MIRT038104","hsa-miR-423-5p","GGA3"
"683","MIRT454905","hsa-miR-423-5p","SEPT8"
"684","MIRT038019","hsa-miR-423-5p","DIP2A"
"685","MIRT038065","hsa-miR-423-5p","PMPCA"
"686","MIRT038159","hsa-miR-423-5p","ARL6IP1"
"687","MIRT038084","hsa-miR-423-5p","PLCB1"
"688","MIRT038151","hsa-miR-423-5p","NEDD4L"
"689","MIRT478657","hsa-miR-423-5p","CTDNEP1"
"690","MIRT642007","hsa-miR-423-5p","NCS1"
"692","MIRT507872","hsa-miR-423-5p","CBX6"
"693","MIRT038107","hsa-miR-423-5p","KCTD2"
"694","MIRT038101","hsa-miR-423-5p","WBP2"
"695","MIRT038156","hsa-miR-423-5p","MTCH2"
"696","MIRT038070","hsa-miR-423-5p","FAM98A"
"697","MIRT038092","hsa-miR-423-5p","TPGS2"
"698","MIRT038063","hsa-miR-423-5p","NECAP1"
"699","MIRT038050","hsa-miR-423-5p","AAR2"
"700","MIRT489480","hsa-miR-423-5p","SLITRK5"
"701","MIRT038099","hsa-miR-423-5p","AP3M1"
"702","MIRT038147","hsa-miR-423-5p","PABPC1"
"703","MIRT038150","hsa-miR-423-5p","HIPK2"
"704","MIRT038061","hsa-miR-423-5p","FHOD1"
"705","MIRT038133","hsa-miR-423-5p","SNX8"
"706","MIRT490918","hsa-miR-423-5p","STRN4"
"707","MIRT711005","hsa-miR-423-5p","CCDC106"
"708","MIRT038071","hsa-miR-423-5p","EPN1"
"709","MIRT473207","hsa-miR-423-5p","MINK1"
"710","MIRT038117","hsa-miR-423-5p","COPS7A"
"711","MIRT038047","hsa-miR-423-5p","COQ6"
"712","MIRT038012","hsa-miR-423-5p","NMD3"
"713","MIRT038111","hsa-miR-423-5p","SAR1B"
"714","MIRT038059","hsa-miR-423-5p","ERRFI1"
"715","MIRT456420","hsa-miR-423-5p","MTRF1L"
"716","MIRT038143","hsa-miR-423-5p","MIER2"
"717","MIRT038035","hsa-miR-423-5p","NDE1"
"718","MIRT487882","hsa-miR-423-5p","CASZ1"
"719","MIRT479241","hsa-miR-423-5p","CHTF8"
"720","MIRT487485","hsa-miR-423-5p","BANP"
"721","MIRT462614","hsa-miR-423-5p","C20orf27"
"722","MIRT038040","hsa-miR-423-5p","PRPF38B"
"723","MIRT038132","hsa-miR-423-5p","SLC48A1"
"724","MIRT038064","hsa-miR-423-5p","NPLOC4"
"725","MIRT487030","hsa-miR-423-5p","LIMS2"
"726","MIRT038068","hsa-miR-423-5p","VAC14"
"727","MIRT038136","hsa-miR-423-5p","TEX2"
"729","MIRT713436","hsa-miR-423-5p","AJAP1"
"730","MIRT038094","hsa-miR-423-5p","GNG12"
"731","MIRT283307","hsa-miR-423-5p","UBFD1"
"732","MIRT038174","hsa-miR-423-5p","BCCIP"
"733","MIRT484556","hsa-miR-423-5p","BARHL1"
"734","MIRT552011","hsa-miR-423-5p","RAD18"
"735","MIRT038137","hsa-miR-423-5p","C15orf39"
"736","MIRT038160","hsa-miR-423-5p","DDX24"
"737","MIRT038142","hsa-miR-423-5p","SEPN1"
"738","MIRT038167","hsa-miR-423-5p","STRIP2"
"739","MIRT451072","hsa-miR-423-5p","PNMAL2"
"740","MIRT471415","hsa-miR-423-5p","PDP2"
"741","MIRT038139","hsa-miR-423-5p","CHD8"
"742","MIRT038021","hsa-miR-423-5p","IGDCC4"
"743","MIRT038130","hsa-miR-423-5p","HES4"
"744","MIRT038177","hsa-miR-423-5p","MESDC1"
"745","MIRT038066","hsa-miR-423-5p","C12orf10"
"746","MIRT731653","hsa-miR-423-5p","FAM3A"
"747","MIRT038102","hsa-miR-423-5p","CLSPN"
"748","MIRT038162","hsa-miR-423-5p","NSD1"
"749","MIRT455511","hsa-miR-423-5p","C6orf106"
"750","MIRT038042","hsa-miR-423-5p","MRPL34"
"751","MIRT606935","hsa-miR-423-5p","CDK15"
"752","MIRT038078","hsa-miR-423-5p","ZNF655"
"753","MIRT038067","hsa-miR-423-5p","DDX54"
"754","MIRT038168","hsa-miR-423-5p","KCTD15"
"755","MIRT494585","hsa-miR-423-5p","ATG9A"
"756","MIRT736539","hsa-miR-423-5p","TNIP2"
"757","MIRT477700","hsa-miR-423-5p","EFHD2"
"758","MIRT460957","hsa-miR-423-5p","MUL1"
"759","MIRT491626","hsa-miR-423-5p","RIN3"
"760","MIRT487089","hsa-miR-423-5p","C3orf36"
"761","MIRT038176","hsa-miR-423-5p","MED28"
"762","MIRT464375","hsa-miR-423-5p","URM1"
"763","MIRT467206","hsa-miR-423-5p","SPRY4"
"764","MIRT038072","hsa-miR-423-5p","TMUB1"
"765","MIRT467294","hsa-miR-423-5p","SPNS1"
"767","MIRT485948","hsa-miR-423-5p","BRSK1"
"768","MIRT488413","hsa-miR-423-5p","NKX6-2"
"770","MIRT038049","hsa-miR-423-5p","REPS1"
"771","MIRT038110","hsa-miR-423-5p","HIST1H2BK"
"772","MIRT038075","hsa-miR-423-5p","MICALL1"
"773","MIRT491991","hsa-miR-423-5p","UNK"
"774","MIRT492992","hsa-miR-423-5p","NAV1"
"775","MIRT038074","hsa-miR-423-5p","FAM110B"
"776","MIRT472958","hsa-miR-423-5p","MSANTD3"
"778","MIRT485697","hsa-miR-423-5p","CCDC64"
"779","MIRT493726","hsa-miR-423-5p","GPRIN1"
"780","MIRT477211","hsa-miR-423-5p","EVI5L"
"782","MIRT494794","hsa-miR-423-5p","ANKRD13B"
"783","MIRT494665","hsa-miR-423-5p","ARL8A"
"784","MIRT038154","hsa-miR-423-5p","PPARGC1B"
"786","MIRT484675","hsa-miR-423-5p","ZBTB46"
"787","MIRT496775","hsa-miR-423-5p","ADAMTS14"
"788","MIRT463958","hsa-miR-423-5p","WIPF2"
"789","MIRT038022","hsa-miR-423-5p","RC3H1"
"790","MIRT369280","hsa-miR-423-5p","ITPRIPL2"
"791","MIRT038118","hsa-miR-423-5p","POLR3H"
"792","MIRT038161","hsa-miR-423-5p","TUBB"
"793","MIRT038116","hsa-miR-423-5p","NUTM1"
"794","MIRT038129","hsa-miR-423-5p","FAM83H"
"795","MIRT487463","hsa-miR-423-5p","ANKRD42"
"796","MIRT489300","hsa-miR-423-5p","B4GALNT4"
"797","MIRT458422","hsa-miR-423-5p","KLHL38"
"798","MIRT493009","hsa-miR-423-5p","NANOS1"
"799","MIRT482660","hsa-miR-423-5p","FAM195B"
"800","MIRT468366","hsa-miR-423-5p","SETD8"
"801","MIRT038015","hsa-miR-423-5p","TSPYL6"
"802","MIRT038044","hsa-miR-423-5p","ZBTB34"
"803","MIRT487048","hsa-miR-423-5p","C10orf55"
"804","MIRT038115","hsa-miR-423-5p","HIST2H2BF"
"806","MIRT654231","hsa-miR-423-5p","RNF165"
"807","MIRT038041","hsa-miR-423-5p","PPIAL4G"
"808","MIRT448590","hsa-miR-423-5p","PCP4L1"
"809","MIRT038014","hsa-miR-423-5p","RGPD2"
"810","MIRT737402","hsa-miR-423-5p","CASC9"
"811","MIRT737112","hsa-miR-423-5p","LOC105371414"
"812","MIRT753699","hsa-miR-4433b-5p","CD59"
"813","MIRT754248","hsa-miR-4433b-5p","ZNF487"
"814","MIRT693723","hsa-miR-4433b-5p","ACACA"
"815","MIRT452071","hsa-miR-4433b-5p","ATP6V0B"
"816","MIRT545751","hsa-miR-4433b-5p","CA12"
"817","MIRT645431","hsa-miR-4433b-5p","ATF6B"
"818","MIRT624144","hsa-miR-4433b-5p","DIAPH1"
"820","MIRT557833","hsa-miR-4433b-5p","FOXC1"
"821","MIRT640771","hsa-miR-4433b-5p","GLP1R"
"824","MIRT475777","hsa-miR-4433b-5p","HDGF"
"826","MIRT638560","hsa-miR-4433b-5p","KCNJ10"
"827","MIRT547218","hsa-miR-4433b-5p","PAK2"
"828","MIRT717321","hsa-miR-4433b-5p","PGK1"
"829","MIRT639970","hsa-miR-4433b-5p","POU5F1B"
"830","MIRT724757","hsa-miR-4433b-5p","PSG4"
"831","MIRT521373","hsa-miR-4433b-5p","RDX"
"832","MIRT525124","hsa-miR-4433b-5p","RPS11"
"833","MIRT560735","hsa-miR-4433b-5p","RPS17"
"834","MIRT243401","hsa-miR-4433b-5p","SKIL"
"835","MIRT559920","hsa-miR-4433b-5p","SOD2"
"836","MIRT107580","hsa-miR-4433b-5p","VLDLR"
"837","MIRT532949","hsa-miR-4433b-5p","ZNF24"
"838","MIRT550437","hsa-miR-4433b-5p","ZNF84"
"839","MIRT532273","hsa-miR-4433b-5p","TNFSF14"
"840","MIRT662461","hsa-miR-4433b-5p","BRSK2"
"841","MIRT715100","hsa-miR-4433b-5p","SORBS3"
"843","MIRT628103","hsa-miR-4433b-5p","IGF2BP1"
"844","MIRT560533","hsa-miR-4433b-5p","RAB32"
"845","MIRT535590","hsa-miR-4433b-5p","NUDT5"
"846","MIRT530539","hsa-miR-4433b-5p","SYNPO"
"847","MIRT653861","hsa-miR-4433b-5p","SHANK2"
"848","MIRT572049","hsa-miR-4433b-5p","GPATCH8"
"849","MIRT074491","hsa-miR-4433b-5p","ICMT"
"852","MIRT560870","hsa-miR-4433b-5p","SULT1B1"
"853","MIRT685037","hsa-miR-4433b-5p","GEMIN4"
"854","MIRT550041","hsa-miR-4433b-5p","RSRC1"
"855","MIRT311417","hsa-miR-4433b-5p","PHAX"
"856","MIRT714565","hsa-miR-4433b-5p","GALNT10"
"857","MIRT574395","hsa-miR-4433b-5p","TM9SF3"
"858","MIRT653748","hsa-miR-4433b-5p","SLC12A5"
"859","MIRT472718","hsa-miR-4433b-5p","MTUS1"
"861","MIRT574262","hsa-miR-4433b-5p","ZNF350"
"862","MIRT619373","hsa-miR-4433b-5p","KLHL12"
"863","MIRT721755","hsa-miR-4433b-5p","INF2"
"864","MIRT613185","hsa-miR-4433b-5p","COPS7B"
"865","MIRT476221","hsa-miR-4433b-5p","GNPNAT1"
"867","MIRT091189","hsa-miR-4433b-5p","TBL1XR1"
"868","MIRT573344","hsa-miR-4433b-5p","TRPM3"
"869","MIRT470061","hsa-miR-4433b-5p","PTGES2"
"870","MIRT652013","hsa-miR-4433b-5p","TTYH3"
"871","MIRT568513","hsa-miR-4433b-5p","ANP32E"
"872","MIRT453464","hsa-miR-4433b-5p","PITPNM3"
"873","MIRT537515","hsa-miR-4433b-5p","FAM104A"
"874","MIRT720255","hsa-miR-4433b-5p","FAM83F"
"875","MIRT535519","hsa-miR-4433b-5p","PALM2"
"876","MIRT562603","hsa-miR-4433b-5p","C4orf32"
"877","MIRT343788","hsa-miR-4433b-5p","PHF13"
"878","MIRT692682","hsa-miR-4433b-5p","NAIF1"
"879","MIRT645935","hsa-miR-4433b-5p","HIPK1"
"880","MIRT719390","hsa-miR-4433b-5p","NPCA1"
"881","MIRT723546","hsa-miR-4433b-5p","ZDHHC22"
"882","MIRT530111","hsa-miR-4433b-5p","SLC25A42"
"883","MIRT525510","hsa-miR-4433b-5p","FSIP2"
"884","MIRT525274","hsa-miR-4433b-5p","C18orf32"
"885","MIRT552394","hsa-miR-4433b-5p","ZNF487P"
"887","MIRT739843","hsa-miR-4677-5p","PDE10A"
"888","MIRT742241","hsa-miR-4677-5p","ARFGEF3"
"890","MIRT135057","hsa-miR-4677-5p","ADSS"
"891","MIRT665369","hsa-miR-4677-5p","XIAP"
"893","MIRT497203","hsa-miR-4677-5p","CDH7"
"895","MIRT638330","hsa-miR-4677-5p","RCAN1"
"896","MIRT558192","hsa-miR-4677-5p","EIF2S1"
"897","MIRT608164","hsa-miR-4677-5p","ERBB2"
"898","MIRT450265","hsa-miR-4677-5p","F2RL2"
"899","MIRT724072","hsa-miR-4677-5p","NCKAP1L"
"900","MIRT572582","hsa-miR-4677-5p","HGFAC"
"901","MIRT710569","hsa-miR-4677-5p","TNPO1"
"902","MIRT659857","hsa-miR-4677-5p","CAPRIN1"
"903","MIRT573357","hsa-miR-4677-5p","PDE3A"
"904","MIRT725234","hsa-miR-4677-5p","PDE1B"
"905","MIRT080553","hsa-miR-4677-5p","PMAIP1"
"906","MIRT450682","hsa-miR-4677-5p","RPN2"
"907","MIRT263519","hsa-miR-4677-5p","RPS24"
"909","MIRT718361","hsa-miR-4677-5p","SOX1"
"910","MIRT649115","hsa-miR-4677-5p","SRD5A1"
"911","MIRT443782","hsa-miR-4677-5p","ST13"
"912","MIRT652244","hsa-miR-4677-5p","TPI1"
"913","MIRT636153","hsa-miR-4677-5p","TRPS1"
"914","MIRT533249","hsa-miR-4677-5p","VCAM1"
"915","MIRT567792","hsa-miR-4677-5p","DEK"
"916","MIRT644556","hsa-miR-4677-5p","SPOP"
"917","MIRT724594","hsa-miR-4677-5p","AP3B1"
"918","MIRT572455","hsa-miR-4677-5p","ZNF516"
"919","MIRT719339","hsa-miR-4677-5p","VGLL4"
"920","MIRT715649","hsa-miR-4677-5p","USP6NL"
"921","MIRT450240","hsa-miR-4677-5p","TRIM66"
"922","MIRT509224","hsa-miR-4677-5p","KIF14"
"923","MIRT552784","hsa-miR-4677-5p","YAF2"
"924","MIRT698725","hsa-miR-4677-5p","STX6"
"925","MIRT722398","hsa-miR-4677-5p","BCAS2"
"926","MIRT624610","hsa-miR-4677-5p","B3GALT5"
"928","MIRT699788","hsa-miR-4677-5p","SEC24A"
"929","MIRT565809","hsa-miR-4677-5p","SDCCAG3"
"930","MIRT574649","hsa-miR-4677-5p","LMAN2"
"931","MIRT447642","hsa-miR-4677-5p","RAB3GAP1"
"932","MIRT722184","hsa-miR-4677-5p","DNAJC9"
"933","MIRT657249","hsa-miR-4677-5p","ICOSLG"
"934","MIRT566341","hsa-miR-4677-5p","POLDIP2"
"936","MIRT700290","hsa-miR-4677-5p","RABGEF1"
"937","MIRT384298","hsa-miR-4677-5p","GOLT1B"
"938","MIRT723460","hsa-miR-4677-5p","ST8SIA3"
"939","MIRT682579","hsa-miR-4677-5p","CPA4"
"940","MIRT481118","hsa-miR-4677-5p","AZIN1"
"941","MIRT506337","hsa-miR-4677-5p","NUP54"
"942","MIRT618457","hsa-miR-4677-5p","TMCO1"
"943","MIRT712717","hsa-miR-4677-5p","NCAPG2"
"944","MIRT712042","hsa-miR-4677-5p","STYK1"
"945","MIRT442312","hsa-miR-4677-5p","UBE2Q1"
"946","MIRT645900","hsa-miR-4677-5p","LRIF1"
"947","MIRT669214","hsa-miR-4677-5p","CAND1"
"948","MIRT514595","hsa-miR-4677-5p","NDUFA12"
"949","MIRT448464","hsa-miR-4677-5p","SLC45A4"
"950","MIRT641621","hsa-miR-4677-5p","KIAA1244"
"951","MIRT515392","hsa-miR-4677-5p","ARHGAP21"
"952","MIRT718209","hsa-miR-4677-5p","TNRC6C"
"953","MIRT710374","hsa-miR-4677-5p","LMBR1"
"955","MIRT713288","hsa-miR-4677-5p","ADAMTS20"
"956","MIRT446864","hsa-miR-4677-5p","NBPF3"
"957","MIRT718806","hsa-miR-4677-5p","SLC25A33"
"958","MIRT710407","hsa-miR-4677-5p","YTHDC1"
"959","MIRT621924","hsa-miR-4677-5p","SYAP1"
"960","MIRT716756","hsa-miR-4677-5p","TRABD2A"
"961","MIRT357966","hsa-miR-4677-5p","GRPEL2"
"962","MIRT449117","hsa-miR-4677-5p","XRRA1"
"963","MIRT720827","hsa-miR-4677-5p","C1orf52"
"964","MIRT556213","hsa-miR-4677-5p","MB21D2"
"965","MIRT711384","hsa-miR-4677-5p","PLEKHG4B"
"966","MIRT631040","hsa-miR-4677-5p","TAS2R30"
"967","MIRT719671","hsa-miR-4677-5p","SPDYE1"
"969","MIRT610690","hsa-miR-4677-5p","FAM89A"
"970","MIRT525555","hsa-miR-4677-5p","MTRNR2L7"
"971","MIRT525604","hsa-miR-4677-5p","MTRNR2L3"
"973","MIRT535778","hsa-miR-4677-5p","MTRNR2L11"
"975","MIRT082178","hsa-miR-548b-5p","ACTN4"
"977","MIRT695342","hsa-miR-548b-5p","AQP3"
"980","MIRT177228","hsa-miR-548b-5p","BMI1"
"981","MIRT179578","hsa-miR-548b-5p","CAPZA1"
"983","MIRT502895","hsa-miR-548b-5p","CDK4"
"984","MIRT538353","hsa-miR-548b-5p","CSE1L"
"985","MIRT489992","hsa-miR-548b-5p","DDB1"
"986","MIRT293243","hsa-miR-548b-5p","DR1"
"987","MIRT537842","hsa-miR-548b-5p","EFNA5"
"989","MIRT486200","hsa-miR-548b-5p","ERH"
"990","MIRT541250","hsa-miR-548b-5p","GPC4"
"991","MIRT254775","hsa-miR-548b-5p","XRCC6"
"992","MIRT557495","hsa-miR-548b-5p","GPR27"
"993","MIRT503725","hsa-miR-548b-5p","GRM5"
"994","MIRT545222","hsa-miR-548b-5p","HIST1H2BD"
"995","MIRT248629","hsa-miR-548b-5p","HMGN2"
"996","MIRT557154","hsa-miR-548b-5p","HOXA13"
"997","MIRT556998","hsa-miR-548b-5p","HPRT1"
"998","MIRT567267","hsa-miR-548b-5p","HSP90AA1"
"1001","MIRT500228","hsa-miR-548b-5p","INHBA"
"1002","MIRT378848","hsa-miR-548b-5p","ITGB8"
"1003","MIRT544007","hsa-miR-548b-5p","KLRC3"
"1004","MIRT547683","hsa-miR-548b-5p","KPNA1"
"1005","MIRT556507","hsa-miR-548b-5p","LIPA"
"1006","MIRT214571","hsa-miR-548b-5p","SMAD5"
"1007","MIRT447078","hsa-miR-548b-5p","MCC"
"1008","MIRT693209","hsa-miR-548b-5p","MKI67"
"1009","MIRT551056","hsa-miR-548b-5p","MKLN1"
"1010","MIRT683156","hsa-miR-548b-5p","MTHFD1"
"1011","MIRT500702","hsa-miR-548b-5p","TRIM37"
"1012","MIRT565884","hsa-miR-548b-5p","NHS"
"1013","MIRT179095","hsa-miR-548b-5p","PAFAH1B2"
"1014","MIRT543243","hsa-miR-548b-5p","PEX7"
"1016","MIRT618387","hsa-miR-548b-5p","PRKG2"
"1017","MIRT281793","hsa-miR-548b-5p","MAP2K1"
"1018","MIRT083021","hsa-miR-548b-5p","PTBP1"
"1019","MIRT623463","hsa-miR-548b-5p","KDM5A"
"1020","MIRT502744","hsa-miR-548b-5p","CLIP1"
"1021","MIRT556326","hsa-miR-548b-5p","MAP2K4"
"1023","MIRT230063","hsa-miR-548b-5p","SH3BGRL"
"1024","MIRT085180","hsa-miR-548b-5p","SLC5A3"
"1025","MIRT177617","hsa-miR-548b-5p","UBE2D1"
"1026","MIRT095384","hsa-miR-548b-5p","UBE2D2"
"1027","MIRT553153","hsa-miR-548b-5p","UBE2H"
"1028","MIRT572947","hsa-miR-548b-5p","VDAC2"
"1031","MIRT328120","hsa-miR-548b-5p","ZNF711"
"1032","MIRT503491","hsa-miR-548b-5p","ZNF154"
"1033","MIRT445088","hsa-miR-548b-5p","ZNF207"
"1034","MIRT546922","hsa-miR-548b-5p","PTP4A1"
"1035","MIRT450559","hsa-miR-548b-5p","SHFM1"
"1036","MIRT573725","hsa-miR-548b-5p","KHSRP"
"1038","MIRT111783","hsa-miR-548b-5p","MPZL1"
"1039","MIRT104327","hsa-miR-548b-5p","CLDN12"
"1040","MIRT472772","hsa-miR-548b-5p","MTMR6"
"1041","MIRT340665","hsa-miR-548b-5p","THRAP3"
"1042","MIRT527939","hsa-miR-548b-5p","FRY"
"1043","MIRT312577","hsa-miR-548b-5p","G3BP1"
"1044","MIRT509292","hsa-miR-548b-5p","NPM3"
"1045","MIRT264358","hsa-miR-548b-5p","YAP1"
"1046","MIRT488617","hsa-miR-548b-5p","FAM3C"
"1047","MIRT553838","hsa-miR-548b-5p","SYNCRIP"
"1049","MIRT649491","hsa-miR-548b-5p","CLDN16"
"1050","MIRT089481","hsa-miR-548b-5p","MTHFD2"
"1051","MIRT617944","hsa-miR-548b-5p","EBNA1BP2"
"1053","MIRT455900","hsa-miR-548b-5p","KIF2C"
"1054","MIRT563413","hsa-miR-548b-5p","KIF3A"
"1055","MIRT560343","hsa-miR-548b-5p","ZWINT"
"1056","MIRT405629","hsa-miR-548b-5p","WBP4"
"1057","MIRT548909","hsa-miR-548b-5p","CHEK2"
"1058","MIRT471190","hsa-miR-548b-5p","PHB2"
"1059","MIRT103346","hsa-miR-548b-5p","CBX3"
"1060","MIRT501031","hsa-miR-548b-5p","SMG1"
"1061","MIRT104492","hsa-miR-548b-5p","PEG10"
"1062","MIRT561307","hsa-miR-548b-5p","ZBTB43"
"1063","MIRT543915","hsa-miR-548b-5p","ESYT1"
"1064","MIRT708761","hsa-miR-548b-5p","RYBP"
"1065","MIRT535503","hsa-miR-548b-5p","PANX1"
"1066","MIRT450727","hsa-miR-548b-5p","PVRL3"
"1067","MIRT498000","hsa-miR-548b-5p","ZBTB20"
"1069","MIRT545054","hsa-miR-548b-5p","PRELID1"
"1070","MIRT544195","hsa-miR-548b-5p","ANGPTL3"
"1071","MIRT691668","hsa-miR-548b-5p","SLC43A3"
"1072","MIRT220043","hsa-miR-548b-5p","MDFIC"
"1073","MIRT092029","hsa-miR-548b-5p","ABHD5"
"1074","MIRT329306","hsa-miR-548b-5p","FAM53C"
"1075","MIRT548695","hsa-miR-548b-5p","CRNKL1"
"1076","MIRT537210","hsa-miR-548b-5p","GDE1"
"1077","MIRT072485","hsa-miR-548b-5p","RAB8B"
"1078","MIRT554266","hsa-miR-548b-5p","SIX4"
"1079","MIRT449519","hsa-miR-548b-5p","TM6SF1"
"1080","MIRT309004","hsa-miR-548b-5p","USP53"
"1082","MIRT227690","hsa-miR-548b-5p","TBC1D13"
"1083","MIRT505810","hsa-miR-548b-5p","RSBN1"
"1084","MIRT475993","hsa-miR-548b-5p","GTPBP2"
"1085","MIRT195289","hsa-miR-548b-5p","LEPROT"
"1086","MIRT447308","hsa-miR-548b-5p","ZNF562"
"1087","MIRT556701","hsa-miR-548b-5p","KLHL28"
"1088","MIRT725180","hsa-miR-548b-5p","SDAD1"
"1089","MIRT474465","hsa-miR-548b-5p","KLHL11"
"1090","MIRT096491","hsa-miR-548b-5p","BRIX1"
"1091","MIRT545558","hsa-miR-548b-5p","GIMAP4"
"1092","MIRT505145","hsa-miR-548b-5p","YOD1"
"1093","MIRT063358","hsa-miR-548b-5p","ETNK1"
"1097","MIRT094672","hsa-miR-548b-5p","FEM1C"
"1098","MIRT638529","hsa-miR-548b-5p","LYRM2"
"1099","MIRT516837","hsa-miR-548b-5p","CYP20A1"
"1100","MIRT545297","hsa-miR-548b-5p","SPC25"
"1101","MIRT101288","hsa-miR-548b-5p","FAM135A"
"1102","MIRT563570","hsa-miR-548b-5p","KIAA1586"
"1103","MIRT498481","hsa-miR-548b-5p","PTBP2"
"1104","MIRT558110","hsa-miR-548b-5p","ENPP5"
"1105","MIRT395779","hsa-miR-548b-5p","SPCS3"
"1106","MIRT454931","hsa-miR-548b-5p","ANKEF1"
"1107","MIRT536690","hsa-miR-548b-5p","IKZF5"
"1108","MIRT447521","hsa-miR-548b-5p","MRPS5"
"1110","MIRT536843","hsa-miR-548b-5p","HMBOX1"
"1111","MIRT563299","hsa-miR-548b-5p","BBS10"
"1112","MIRT485866","hsa-miR-548b-5p","ALG9"
"1113","MIRT544078","hsa-miR-548b-5p","METTL8"
"1114","MIRT719294","hsa-miR-548b-5p","SETD7"
"1115","MIRT526021","hsa-miR-548b-5p","RBM4B"
"1116","MIRT547776","hsa-miR-548b-5p","KATNAL1"
"1117","MIRT505849","hsa-miR-548b-5p","POLR1B"
"1118","MIRT701031","hsa-miR-548b-5p","PCGF5"
"1120","MIRT717566","hsa-miR-548b-5p","ZBTB37"
"1121","MIRT561935","hsa-miR-548b-5p","MFSD9"
"1122","MIRT500996","hsa-miR-548b-5p","SPPL2A"
"1123","MIRT550497","hsa-miR-548b-5p","TMEM241"
"1124","MIRT555789","hsa-miR-548b-5p","PCMTD1"
"1125","MIRT311463","hsa-miR-548b-5p","PRRC1"
"1127","MIRT445392","hsa-miR-548b-5p","PTCHD1"
"1128","MIRT334630","hsa-miR-548b-5p","NEK7"
"1129","MIRT629153","hsa-miR-548b-5p","CTCFL"
"1130","MIRT178034","hsa-miR-548b-5p","SAMD8"
"1131","MIRT546505","hsa-miR-548b-5p","SIK1"
"1132","MIRT571476","hsa-miR-548b-5p","CCDC80"
"1133","MIRT494288","hsa-miR-548b-5p","CEP120"
"1134","MIRT498568","hsa-miR-548b-5p","TMEM30B"
"1135","MIRT543458","hsa-miR-548b-5p","PARP15"
"1136","MIRT525875","hsa-miR-548b-5p","ARL13B"
"1137","MIRT308161","hsa-miR-548b-5p","PDE12"
"1138","MIRT266955","hsa-miR-548b-5p","LRRC55"
"1139","MIRT443306","hsa-miR-548b-5p","PRPS1L1"
"1140","MIRT103862","hsa-miR-548b-5p","FOXK1"
"1141","MIRT442105","hsa-miR-548b-5p","ZNRF2"
"1142","MIRT493484","hsa-miR-548b-5p","IPMK"
"1143","MIRT208423","hsa-miR-548b-5p","ZBTB38"
"1144","MIRT273939","hsa-miR-548b-5p","SPRYD4"
"1145","MIRT297090","hsa-miR-548b-5p","RGPD4"
"1146","MIRT549965","hsa-miR-548b-5p","RPL7L1"
"1147","MIRT443155","hsa-miR-548b-5p","ZDHHC21"
"1148","MIRT544816","hsa-miR-548b-5p","ACSM2B"
"1150","MIRT531070","hsa-miR-548b-5p","SLC9A4"
"1151","MIRT543719","hsa-miR-548b-5p","XKR9"
"1152","MIRT442848","hsa-miR-548b-5p","GTF2H5"
"1153","MIRT526092","hsa-miR-548b-5p","TMEM41B"
"1154","MIRT619635","hsa-miR-548b-5p","PLEKHG7"
"1155","MIRT573636","hsa-miR-548b-5p","ZNF724P"
"1156","MIRT609096","hsa-miR-548b-5p","SMIM15"
"1157","MIRT525411","hsa-miR-548b-5p","SHISA9"
"1158","MIRT177263","hsa-miR-548b-5p","COMMD3-BMI1"
